徐州市-铜山－海棠路168号-蓝城沁园,117.26342668395895,34.14405202673375
徐州市-新城－宋锦路-国信龙湖世家,117.28113195214247,34.19355789422234
徐州市-鼓楼－中山北路281号-鼓楼花园园中苑(一期),117.18878365761769,34.30194741929591
徐州市-鼓楼－中山北路336号-荆南小区,117.18752972860631,34.29886826793987
"徐州市-金山桥开发区－长安大道,近城置商业街-城置国际花园城(南区)",117.26772307009247,34.27406550768097
徐州市-鼓楼－中山北路225号-风尚自由城,117.17865588645905,34.28000929355856
徐州市-邳州－城山路-天泰茗仕豪庭,117.97653528792465,34.340659726328205
徐州市-邳州－长江路-东方帝景城,117.9752272011114,34.335072135063754
徐州市-鼓楼－黄河北路-沈苑小区,117.15764424910395,34.27762927639152
徐州市-泉山－新淮海西路-幸福家园(东区),117.13668558146152,34.26028037774064
徐州市-泉山－西苑中路-西苑民安园,117.14445132904083,34.271629256527476
"徐州市-鼓楼－金马路,近殷庄路-苹果新天地",117.2009975885115,34.30212032201331
"徐州市-泉山－韩山路,近湖滨路-湖滨西村(五期)",117.14209361753802,34.2538599737779
徐州市-邳州－兴国路-阿尔卡迪亚文承苑,117.99887322125622,34.34867665034689
徐州市-邳州－锦江路19号-锦江花园,117.95423510389335,34.32847305826961
徐州市-新城－明正路-未来城,117.28917587771242,34.21541978941427
徐州市-鼓楼－黄河东路15号-东阁小区,117.1900908348525,34.27243012094543
徐州市-云龙－和平路-和平上东璟园,117.33426527953979,34.265023292860896
徐州市-鼓楼－复兴北路-王场小区,117.19968736678155,34.29124551847714
"徐州市-铜山－上海路,近学苑路-文泰康城(二期)",117.1776080542594,34.20396677121834
徐州市-邳州－瑞兴北路-万邦盛世嘉园,117.97164427852434,34.3224015111474
"徐州市-云龙－汉景大道,近德政北路-民富园小区",117.22920118271921,34.250532369852664
"徐州市-云龙－和平大道,近云苑路-提香湾",117.25424206910368,34.25710940820103
徐州市-云龙－汉景大道-民怡园,117.22921786048323,34.24673477947157
徐州市-鼓楼－襄王北路-泽信公馆,117.12853074061519,34.31000135302741
"徐州市-新城－丽水路,近清风路-中锐星尚城",117.28731077507224,34.18873564115379
"徐州市-金山桥开发区－徐海路,近龙湖西路-君廷湖畔",117.2678538266214,34.26682637925709
徐州市-新沂－人民路-香格里拉(一期),118.33855008440244,34.34764932398392
徐州市-鼓楼－马场湖西路-怡康花园,117.12630211617859,34.242953120017894
徐州市-邳州－建设北路36号-耀邦新世界花园,117.97370059906382,34.35358152565946
"徐州市-新城－镜泊东路,近汉源大道-汉源国际丽城",117.28918094979957,34.20620070485038
徐州市-鼓楼－中山北路-中北小区,117.18509314709718,34.29201566160701
"徐州市-金山桥开发区－汉源大道,近徐海路-保利鑫城",117.2609316711221,34.26247042001326
徐州市-泉山－事业巷-和平新村,117.1660670262232,34.267611295272054
"徐州市-泉山－淮塔东路,近奎河西路-金奎小区",117.19772281406408,34.238684223600664
徐州市-邳州－福州路-盛鑫佳园,117.9686866442464,34.32966164344312
"徐州市-金山桥开发区－广德路,近振兴大道-万豪绿城",117.27398040252095,34.28828468736088
"徐州市-云龙－东丰路,近黄山路-云龙小区",117.23088259892869,34.25876974025258
"徐州市-金山桥开发区－徐海路,近汉源大道-金山福地一期",117.26295511898276,34.266478973843526
徐州市-鼓楼－中山北路-鼓楼晶典,117.183931459026,34.28333128249498
"徐州市-泉山－解放南路,近学府路-天成花园",117.18578944486472,34.21992079631491
"徐州市-铜山－长江路,近嵩山路-万和佳苑",117.16045565485223,34.18574087171524
徐州市-贾汪－贾汪大道-禹洲鹭湖朗廷,117.45707301773568,34.43649441951453
徐州市-泉山－矿山路-海尔滟澜公馆,117.15260465364861,34.26960106604812
徐州市-鼓楼－黄河北路-书香华府,117.1470960597873,34.27969806200325
徐州市-鼓楼－二环北路-和园爱家,117.16606182418214,34.28463191673188
徐州市-鼓楼－煤港路-华府天地,117.2119469062815,34.30840330613467
"徐州市-贾汪－凤鸣路,近泓福路-弘阳凤鸣府(别墅)",117.4995838463893,34.4438165479345
徐州市-泉山－矿山东路-玖玺,117.15639377304987,34.27377508473374
徐州市-邳州－华山北路-明珠小区,117.94844127683034,34.33345119035417
"徐州市-鼓楼－苏堤北路,近黄河北路-德信君宸",117.16264080688106,34.27596870407411
徐州市-邳州－建设南路-国际未来城(A区),117.95601283706547,34.31572309738611
"徐州市-贾汪－桃源路,鲁尔大道-光航城",117.4704019155367,34.44004917161317
"徐州市-贾汪－303县道,近贾韩南路-中钰月亮湖壹号",117.43775782097173,34.42298018094361
徐州市-新城－彭祖大道-绿地泊林公馆(南区),117.26319506095504,34.21616778071995
徐州市-鼓楼－黄河北路78号-沈场小区,117.16133546282305,34.277929523722946
徐州市-云龙－和平大道-尚仕名邸(北区),117.24751697662191,34.257176981122
徐州市-泉山－三环南路-荣盛花语城,117.21661891921634,34.21261941512241
徐州市-鼓楼－白云路-徐州人家白云北区,117.2093566909298,34.278477385714254
徐州市-邳州－淮河路6号-华宇佳园,117.96115884205896,34.33496165178372
徐州市-新沂－市府路6号-星河湾,118.35283992986612,34.37046345784114
"徐州市-贾汪－利大路,近310国道-恒大潘安湖生态小镇",117.31871479633148,34.372669579424645
徐州市-新沂－人民路-丰慧华丽家族,118.32898620523483,34.34330357860847
徐州市-睢宁－天虹大道-睢宁温馨家园,117.95317207199243,33.90092331033371
徐州市-邳州－锦江西路-四中小区,117.95848457865809,34.32843355984898
徐州市-金山桥开发区－玉湖路-绿地之窗国际花都(二期),117.29230167660089,34.26309917574242
徐州市-新沂－建邺路-天马小区,118.3427405955816,34.36548122240889
"徐州市-铜山－文中路,近上海路-文泰康城(三期)",117.17893001135977,34.205611225795124
徐州市-新沂－公园路-金桥国际花园,118.34087275276829,34.375830735741125
"徐州市-鼓楼－锦绣大道,近奔腾大道-锦绣山水(北区)",117.18087056533483,34.30270632054761
徐州市-新沂－大桥路-百力康城,118.33011504893649,34.360324912746755
"徐州市-泉山－三环南路,近解放南路-风华园",117.18124642086879,34.217193642717326
徐州市-新沂－五华路-天坤香缇美墅,118.31017631565341,34.33555841980431
徐州市-泉山－欣欣路-海峡东南郡(西区),117.22048959076156,34.20701149677817
"徐州市-新沂－黄沭路,近大桥东路-国信金邸世家",118.37114700224704,34.35177303799616
"徐州市-金山桥开发区－徐海路,近鑫城路-金山福地二期",117.2592531238538,34.26641717291236
徐州市-邳州－长江西路-国际未来城(B区),117.95626417264093,34.340184035570495
徐州市-铜山－平山北路-徐矿城金桂园,117.1410481652752,34.32487691279996
徐州市-邳州－银杏大道-新苏中心商业广场(北区),117.97467644306815,34.32967578296344
徐州市-云龙－民祥园路-东方美地(二期),117.2334844526415,34.24785520015271
徐州市-邳州－建设北路-水韵汉府,117.96586777406807,34.34636447405513
徐州市-邳州－香港路-汇川君临华府(北区),117.96212418518158,34.35521759859357
徐州市-泉山－奎山中街-奎果小区,117.1950343471556,34.239051542846106
徐州市-睢宁－天虹大道30号-天虹世纪城(南区),117.9569820178987,33.91381169775347
"徐州市-铜山－黄河西路,近海河路-宝信润山",117.16165483994013,34.19063160425537
徐州市-泉山－奎淮路-奎园小区新月园,117.20016026948319,34.23493752754039
"徐州市-铜山－彭祖路,近嵩山路-久隆澜桥",117.15495263199517,34.18244921561722
徐州市-新城－楚韵路-翔龙湾,117.26997890652045,34.1883701150141
"徐州市-铜山－大学路,近汉望线-望城花园",117.13222106053855,34.20403397322628
徐州市-贾汪－振兴大道-绿城东方雅园,117.2862686814574,34.261732436733446
"徐州市-金山桥开发区－金龙湖东支路,近振兴大道-美的城",117.27943021380855,34.26840267025988
徐州市-鼓楼－三环东路-恒邦锦都汇,117.22768764382175,34.28586289607665
徐州市-鼓楼－中山北路254号-风尚米兰,117.18281141990506,34.28117897344446
徐州市-丰县－中阳大道5135号-御景园(北区),116.60683359127924,34.69176422714904
徐州市-泉山－杏马路-湖西雅苑F区,117.11850273772355,34.24478931600717
徐州市-鼓楼－铜沛路188号-永业花园,117.16804088714561,34.276122802271736
"徐州市-云龙－民富路,近汉源大道-绿地工润和平壹号(二期)",117.26293967611434,34.251591237029075
徐州市-新城－迎宾大道-中茵龙湖国际,117.25508820509454,34.191846301685224
徐州市-新沂－市府东路-康城府邸,118.35396384890592,34.37230548115863
徐州市-云龙－经一路-润金城,117.24728130501295,34.24620806519717
徐州市-泉山－湖北路-刘场世纪花园,117.14999623968953,34.25225499847424
徐州市-泉山－工农北路-段庄北小区,117.14457730108974,34.26384832245786
徐州市-邳州－建设中路38号-中央花园,117.96089707245989,34.32299095009174
徐州市-邳州－闽江东路-恒安名仕苑,117.96550178943826,34.32823061650954
"徐州市-云龙－民富路,近汉源大道-绿地工润和平壹号(一期)",117.26264037919395,34.24981421977278
徐州市-新沂－临沭南路-安隆御景湾,118.35507558637602,34.36103681290974
徐州市-铜山－Y604-上水璞园,117.16320713897665,34.181622896933256
徐州市-鼓楼－奔腾大道-郡望花园(南区),117.17568215941004,34.30051299556715
徐州市-铜山－华山路-绿地湖语墅,117.14244758748775,34.16228987453793
徐州市-云龙－郭庄路18号-世茂东都天观,117.209851899498,34.24394749868305
"徐州市-泉山－三环南路,近玉带路-海玥南山",117.12605739610238,34.228385791229044
徐州市-沛县－歌风路-金地家园,116.94425889067571,34.72170004389145
徐州市-沛县－樊哙路-瑞盛御景龙湾,116.92840231518794,34.74519374640694
徐州市-泉山－金桥路10号-碧螺山庄(四区),117.24507394926324,34.29583561773406
徐州市-邳州－长江路-现代汉城,117.96944852397121,34.338549118893745
"徐州市-云龙－庆丰路,近黄山路-荣盛香榭兰庭",117.23988565697454,34.260128369912564
徐州市-云龙－徐海路-富春山居,117.22375221385417,34.27104200816063
徐州市-睢宁－八一西路400号-成侯花园(B区),117.92291099107143,33.90374081235393
徐州市-云龙－汉景大道29号-绿地世纪城(南区),117.2416147726603,34.24494954943434
徐州市-云龙－太行路-中国铁建原香漫谷,117.26666020903042,34.21602818024686
徐州市-鼓楼－煤港路-兴隆花园(二期),117.20724029988095,34.29621794867463
徐州市-铜山－振兴路-润和花园,117.1683259659542,34.12715000675866
徐州市-云龙－响山南路-山水康桥,117.2117127432448,34.26793765027542
"徐州市-泉山－泉新路,翟北路-碧水湾(南区)",117.16733308293934,34.21428067200568
徐州市-泉山－淮海西路-雁山小区,117.16643328468297,34.2647888762326
"徐州市-邳州－运平路,近银杏大道-法苑小区",117.95943622728505,34.334438277797226
徐州市-鼓楼－奔腾大道-水岸春天,117.19470001304744,34.299474326953614
徐州市-鼓楼－清水路-华商清水湾,117.19557168362206,34.30175299503173
"徐州市-新沂－北京路,近轻工路-百合嘉园",118.32755062120087,34.353428157840966
徐州市-鼓楼－二环北路10号-天润花园,117.18918336965221,34.28810214266476
徐州市-邳州－建设北路8号-盛达花园,117.96536283803142,34.33539862088867
"徐州市-鼓楼－金马路,近锦绣大道-华美生态园(北区)",117.17805696450539,34.30237910722256
徐州市-丰县－解放西路-阳光丽景,116.59956832512468,34.702294402813635
"徐州市-铜山－华山北路,近玫瑰路-加州玫瑰园(一期)",117.13224047011661,34.18484784999456
徐州市-邳州－瑞兴路-宏利达银河湾,117.97423383203207,34.31574270520819
徐州市-沛县－汤沐路-汉之源大厦,116.94357742277853,34.72695100757413
"徐州市-金山桥开发区－龙湖西路,近徐海路-高铁时代广场",117.27006191744584,34.26881045220546
徐州市-泉山－湖北路131号-滨湖花园(西区),117.13697029399974,34.25025273558218
徐州市-新沂－新华南路8号-巨融国际豪园,118.3317384470617,34.343225577229454
"徐州市-鼓楼－三环西路,近黄河北路-西苑人家",117.13539091878299,34.27804597350674
徐州市-新沂－钟吾路2号-玉融瀚景园,118.34189564715322,34.3789645608693
徐州市-泉山－二环西路-关庄组团小区,117.15064247980403,34.25337730213722
徐州市-泉山－淮海西路-友谊北小区,117.15942064261779,34.266181765391366
"徐州市-贾汪－府佐路,近泓福路-御龙山水(东区)",117.46317227064927,34.44169036303674
徐州市-新沂－钟吾南路1号-巴塞罗那,118.34626365894948,34.353212208130785
徐州市-新沂－新东路5号-枫荷雅居,118.36342517903884,34.37556878621372
"徐州市-云龙－经一路,近纬一路-云龙华府(南区)",117.24625736479044,34.24938516750075
徐州市-新沂－建邺路-锦绣华庭,118.34894666948853,34.36629681376263
徐州市-新城－紫金路-紫金奥玲花园,117.29250069826475,34.22281038854769
徐州市-邳州－瑞兴南路5号-涌金花苑,117.97354412353003,34.308275930157635
徐州市-金山桥开发区－汉源大道-星湖湾,117.26724686330543,34.26361353635152
徐州市-新城－元和路-绿地商务城中央公元(一期),117.28011822018787,34.21644562510293
徐州市-邳州－解放东路204号-荣盛文景苑,117.97896859224248,34.31086506703646
徐州市-云龙－和平大道58号-云龙万达广场,117.24060314071701,34.25467038981477
徐州市-邳州－东兴路-毓秀华庭,117.96291220841763,34.312633864930476
徐州市-贾汪－鹏程大道-华地紫御府,117.4536656167768,34.4134557285007
徐州市-邳州－邳新路-福馨家园,117.98870838954151,34.31368451669256
"徐州市-铜山－大学路,近黄河西路-国基城邦",117.1352502440325,34.200650299096814
徐州市-邳州－南京路-湖光丽景小区,118.00172843497813,34.3454623323525
徐州市-新沂－大桥西路23号-国际商贸城金屋广场,118.31253858473725,34.3608841058283
徐州市-邳州－S323-邳州商城公寓,117.97106275187286,34.31541156549308
徐州市-云龙－和平大道1-2号-红星金茂悦,117.22480461199336,34.25377296761269
徐州市-鼓楼－东阁街-邮电局宿舍(鼓楼区),117.19121361610091,34.271700198376465
"徐州市-云龙－德政路,近汉景大道-民祥园",117.23544975836045,34.25064354584784
"徐州市-泉山－黄河南路,近正大路-黄河新村",117.166635541441,34.27172418122776
"徐州市-贾汪－站南路,近鸿畅路-绿地之窗国际花都(四期)",117.29173281877418,34.26435063927781
徐州市-铜山－北京路，近学府路-万达华府,117.18283026499935,34.197812631937595
徐州市-新沂－马陵山路-金鼎名城,118.32559744111661,34.34304590472922
"徐州市-邳州－天山南路,近化工路-安和苑",117.93480169015966,34.318618731924424
徐州市-泉山－段南路-段南路4号小区,117.14906482155968,34.25810193847572
徐州市-云龙－民祥园路-东方美地(三期),117.23712642773837,34.24644924115342
"徐州市-鼓楼－天齐北路,近北三环快速路-苏宁悦城",117.15401316214042,34.32009519715158
徐州市-泉山－迎宾大道12号-颐泰嘉园,116.94134838234191,34.714555252081276
徐州市-邳州－青年东路-锦绣苑,117.9585675838621,34.30891979356714
徐州市-金山桥开发区－金桥路10号-碧螺山庄(五区),117.2437586726788,34.29436339895429
徐州市-新沂－化工路9号-嘉瑞家园,118.3316165973952,34.37713409107065
徐州市-泉山－西安南路124-1号-西余窑,117.16978859897074,34.256909547875225
徐州市-新沂－新安路-阳光帝景城(南区),118.33470403684821,34.37390420085709
徐州市-泉山－徐潇公路-一水花园,117.18824370286038,34.24544381579525
徐州市-云龙－响山路-金润嘉园,117.21274098698183,34.273769914574395
徐州市-贾汪－华建路-两妥颐和小区,117.40526378806626,34.32600712913984
"徐州市-贾汪－世纪东路,近府佐路-御景华庭(西区)",117.4611490184504,34.433234058811344
徐州市-新沂－玉景路1号-玉景美庐,118.33764917353365,34.32237463119478
徐州市-云龙－青年路141号-公园小区,117.1879897651562,34.26157719022107
徐州市-泉山－苏堤路-公园西村,117.16873491238812,34.25785173046303
徐州市-邳州－建设中路37号-珠江小区,117.95961260679083,34.326270189850504
徐州市-鼓楼－堤北路1号-春泽园,117.19715912862345,34.28654159917458
徐州市-邳州－瑞兴南路-汇川大象城,117.97605012666259,34.31215179226209
徐州市-新沂－市府路40号-宏基天城,118.35130823041628,34.372039890023714
徐州市-新沂－人民路98号-丰惠华丽家族(南区),118.32898620523483,34.34330357860847
徐州市-鼓楼－金马路-滨河花园,117.19629485952782,34.3057999088837
"徐州市-邳州－解放东路,近中山路-汇龙国际花园(别墅)",117.95657666921547,34.316958305305185
徐州市-睢宁－天虹大道-紫金花园,117.95915519458404,33.908045355646266
徐州市-新沂－市府东路100号-维维市府雅苑,118.35396384890592,34.37230548115863
"徐州市-金山桥开发区－长安大道,近城置商业街-城置国际花园城(北区)",117.26920470685464,34.27754301840708
徐州市-泉山－新淮海西路43号-荣盛城,117.15751018645935,34.262410937898494
徐州市-新沂－黄沭路-国信金澜世家,118.36725487984481,34.34624279227919
徐州市-泉山－开元路-开元四季,117.11482763017106,34.24268687296373
徐州市-新城－钱塘路1号-汉源国际华城,117.28846462305955,34.19319274649741
徐州市-新沂－钟吾南路-滨河嘉园,118.34725093553116,34.3486037118525
"徐州市-贾汪－永福路,近转型大道-金尚名著",117.4752374849861,34.42977123610119
徐州市-邳州－珠江东路-印象珠江,117.97049934055502,34.3249397153635
徐州市-新城－昆仑大道2号-绿地商务城国际花都,117.28325105633951,34.21122965161483
徐州市-新沂－人民路98号-丰惠华丽家族(北区),118.32898620523483,34.34330357860847
"徐州市-铜山－彭祖路,近华山北路-久隆凤凰城",117.14762583456276,34.18131877121219
徐州市-新沂－市府东路-华信聚福园,118.35396384890592,34.37230548115863
徐州市-金山桥开发区－龙湖南路-金龙湖广场,117.27003547439276,34.260932921380565
"徐州市-云龙－纬一路,近云苑路-华润橡树湾",117.22620659572137,34.30258865258252
"徐州市-云龙－东丰路,近假山南北路-民健小区",117.23449435792055,34.25623668304336
徐州市-泉山－中枢街-中枢小区,117.17740139317797,34.26305997263065
徐州市-泉山－奎淮路-奎园新居(南区),117.2014646271594,34.23531786586194
"徐州市-鼓楼－下淀路,近东三环快速路-美好汇邻湾",117.23273926282032,34.28942673895613
徐州市-邳州－南京路-鑫惠花园(北区),118.00240797928457,34.3430707688308
徐州市-泉山－卧牛山路-泉盛美家,117.11757955948556,34.26261210516567
徐州市-云龙－欣欣路-如意家园,117.23011844451675,34.210442939473225
徐州市-泉山－欣欣路9号-翡翠城,117.18924623687035,34.20105449924978
徐州市-邳州－人民路-宏大财富中心名座,117.95756870903396,34.31180613292064
"徐州市-铜山－文苑南路,近上海路-文苑小区",117.18414876203747,34.20435800895284
"徐州市-铜山－黄河路,近北京路-黄河小区",117.17746795931764,34.1872855984984
徐州市-泉山－民安南路-民安园,117.14445132904083,34.271629256527476
徐州市-睢宁－天虹大道30号-天虹世纪城(北区),117.95720682843758,33.91494646946539
徐州市-丰县－中阳大道-富安平果郡,116.6391462826227,34.69367754700459
"徐州市-金山桥开发区－城置商业街,近广德路-城置国际花园城(东区)",117.28971780748178,34.276536020563455
徐州市-泉山－湖滨路-湖滨西村(六期),117.14209361753802,34.2538599737779
徐州市-泉山－新淮海西路-万科淮海天地,117.14658182999366,34.264034293447125
徐州市-鼓楼－金马路-鼓楼花园园中苑二期,117.18980098818083,34.3002124495131
"徐州市-睢宁－晋陵北路,近人民西路-西华园",117.91973712125443,33.90707937326181
徐州市-新沂－黄沭路-太湖东郡小区,118.3669880527691,34.37345793753602
徐州市-泉山－矿山东路-天山绿洲一期,117.15982099812649,34.27242300832116
徐州市-邳州－建设北路36号-耀邦公馆,117.97168042286668,34.354460249590396
徐州市-铜山－同昌西路73号-梅园小区,117.17743938534718,34.18994450116604
徐州市-铜山－湘江东路9号-楚河花园,117.17904062077402,34.17265253144712
"徐州市-泉山－苏堤北路,近矿山路-天山绿洲三期B区",117.15794943073932,34.269235796776414
徐州市-泉山－淮海西路268号-天山绿洲三期A区,117.15794943073932,34.269235796776414
徐州市-泉山－中山南路76号-英南巷小区,117.17831153794769,34.25973242934135
徐州市-鼓楼－坝子街-福源国际馥园,117.18878655215903,34.27445550396362
徐州市-云龙－津浦东路-圆梦花园,117.20479564742632,34.26413387806241
徐州市-鼓楼－复兴北路-兴华小区,117.19835887593938,34.28283190818928
徐州市-新城－新元大道-弘阳大都会,117.29627040712819,34.19475803261044
徐州市-铜山－银山路16号-银城致享城,117.15597390911546,34.1552316822491
徐州市-鼓楼－二环北路206号-永旭金色阳光,117.15961409785271,34.283151093378386
徐州市-云龙－民祥园路-绿地世纪城(北区),117.24077294814526,34.24987140529204
徐州市-云龙－津浦东路-世茂东都汉之源,117.216664471163,34.25210416688748
"徐州市-铜山－彭祖路,近北京南路-财富湾",117.17486908152385,34.17545781596023
徐州市-新城－民生路-国信上城学府,117.26967531927885,34.18092495222755
徐州市-泉山－迎宾大道10号-彭城大院,116.94053561462007,34.716513086377866
"徐州市-鼓楼－中山北路,近二环北路-鼓楼广场",117.18334929619574,34.28380293771421
徐州市-云龙－解放路135号-地王大厦,117.18774176774141,34.25365800524557
"徐州市-云龙－纬二路,近经一路-金洋紫金东郡(南区)",117.24877989705668,34.25022456881062
徐州市-丰县－解放东路-龙乡苑,116.59769453546822,34.702409118850596
徐州市-泉山－工农北路-颐园小区,117.14508781557393,34.25793712540634
徐州市-云龙－康怡大道5号-日成奥运城,117.2096176444327,34.26427273895167
徐州市-鼓楼－响山路-锦绣滨湖(一二期),117.21132533867129,34.27497405189712
徐州市-泉山－迎宾大道16号-梨园小区,117.21207892323221,34.223585427243414
徐州市-新城－丽水路-雍景新城一期(西区),117.27334987320722,34.18940421435481
"徐州市-云龙－迎宾大道,近天目路-维维龙湖湾",117.25765513328652,34.18937239651183
徐州市-泉山－郁金香路-御景湾香梅街区,117.22427931048284,34.20946546398781
徐州市-泉山－郁金香路-御景湾G区,117.18824370286038,34.24544381579525
徐州市-鼓楼－二环北路-万科北宸天地,117.1857502464989,34.286499237355585
徐州市-鼓楼－黄河北路57号-黄河北路57号院,117.16488504925839,34.27546899620867
"徐州市-金山桥开发区－高新路,近彭祖大道-绿地高铁东城(三期)",117.32895629624855,34.25099600017102
徐州市-新沂－三山路-温馨家园,118.36490643809304,34.38090930350677
徐州市-铜山－北京南路-中骏柏景湾,117.17328226144993,34.157374061856636
徐州市-新沂－新东北路18号-罗马名城,118.36505083540726,34.378840057698646
徐州市-泉山－矿山路-鼎瑞雅居(西区),117.1351035584648,34.2646292545159
徐州市-鼓楼－煤港路-祥和四季花园,117.19539535883095,34.29667454379632
"徐州市-铜山－上海路,近学苑路-文泰康城(一期)",117.1795487792318,34.203833946649
徐州市-泉山－煤建一街30号-怡和公寓(泉山),117.15489253359115,34.26251212766784
徐州市-铜山－大学路-泉山森林海(别墅),117.13356150806264,34.18972895528141
徐州市-新沂－市府东路-万恒东1号,118.35396384890592,34.37230548115863
"徐州市-鼓楼－西三环,近北三环-四季连城",117.18022602506362,34.28931244091725
徐州市-泉山－立德路-中枢101大院,117.17341618233412,34.261931912000605
"徐州市-铜山－大学路,近玫瑰路-枫林天下(一期)",117.13003771001284,34.19205394978258
徐州市-铜山－北京北路69号-汉府雅园,117.18843777641642,34.197564455111554
徐州市-睢宁－文学南路-南苑小区,117.95335162090834,33.8913288786854
徐州市-新沂－钟吾南路202号-钟吾壹号,118.34127272750699,34.35164540974058
徐州市-邳州－Y351-福鑫家园,118.04338951462306,34.33566977884432
徐州市-邳州－建设北路-清华园,117.9669221159821,34.342900549851024
"徐州市-泉山－奎山路,近奎山中街-翠园",117.19131397941894,34.2416376283272
徐州市-泉山－开元路-开元蓝庭,117.10606829513459,34.24286273597619
徐州市-泉山－矿山路59号-鼎瑞雅居(东区),117.13677594591682,34.265234166880894
徐州市-鼓楼－机场路104号-山水龙瑞,117.21927034600766,34.23450131233302
"徐州市-邳州－解放东路,近中山路-汇龙国际花园",117.95657666921547,34.316958305305185
"徐州市-铜山－大学路,近玫瑰路-泉山森林海",117.13356150806264,34.18972895528141
徐州市-鼓楼－苏堤北路98号-畔苑小区,117.16460377588116,34.276685752766724
徐州市-丰县－南苑东路-御水帝景城,116.63574518055302,34.687334596252995
徐州市-丰县－支农路-翡翠城,116.60123305211675,34.684304303637745
徐州市-泉山－三环西路-开元翡翠湾,117.11849765960385,34.242471727698
徐州市-铜山－华山北路-加州玫瑰园(二期),117.13224047011661,34.18484784999456
徐州市-鼓楼－惠工西路-怡美家园(1期),117.18713152785537,34.283537264009276
"徐州市-云龙－汉源大道,近和平路-和平上东润园",117.26329814479077,34.2584846795587
徐州市-泉山－三环南路-泉山美墅(别墅),117.17287583402278,34.21423401041076
徐州市-丰县－河滨路-河滨嘉苑,116.608933885557,34.70712240381929
"徐州市-贾汪－泉城路,近宏安路-东方宜家花园",117.45356235954473,34.44621065814201
徐州市-泉山－新淮海西路-万通小区,117.15000358090107,34.26485463493371
徐州市-新沂－钟吾路19号-辰华丽都苑,118.34400610292079,34.378579051189014
徐州市-云龙－民和路3号-民和小区,117.192277705868,34.26146455536362
徐州市-金山桥开发区－杨山路-蟠桃花园可恋庄社区,117.25279606642441,34.289060696490154
徐州市-铜山－圭山路4号-居乐园,117.17181517208061,34.18946835783782
徐州市-云龙－郭庄路-骆驼山康馨园(B区),117.23557049769708,34.241203602382754
徐州市-云龙－光明西路-天山绿洲二期,117.24628093605477,34.25409340582752
徐州市-铜山－长江路1号-南洋国际,117.1773861549242,34.18026431059443
徐州市-邳州－三汊河路-向阳小区,117.96776793312553,34.30217459036297
徐州市-新城－太行路-绿地商务城书香苑(南区),117.27680092227635,34.21952652768824
徐州市-泉山－湖滨路-湖滨西村(三期),117.14209361753802,34.2538599737779
徐州市-鼓楼－海鸥路-金晖嘉园,117.23371727014542,34.32082928757905
徐州市-泉山－煤建路-翠湖御景北区,117.16051431721252,34.25342574427404
"徐州市-鼓楼－龙潭路,近金苑路-金苑小区(北院)",117.23955947500677,34.29005736199545
徐州市-贾汪－星光大道-大华潘安湖首府,117.3710362032669,34.365718582580485
徐州市-鼓楼－奔腾大道南-金博星城,117.20336363214318,34.29550967527936
徐州市-鼓楼－二环北路-润和园,117.18994704071702,34.28736843589803
"徐州市-新城－清风路,近汉风路-碧桂园",117.28399907930572,34.18314630029638
徐州市-新城－太行路-绿地商务城书香苑(北区),117.27680092227635,34.21952652768824
"徐州市-云龙－郭庄路,近备战路-狮子山春光花园",117.22732510054394,34.24396489792939
"徐州市-铜山－黄河西路,近嵩山路-御源景城",117.16422676802428,34.186264209508835
徐州市-铜山－圭山路7号-嘉慧园(别墅),117.16844522643383,34.187824959008765
徐州市-鼓楼－祥和路4号-苏电公寓,117.19290050496188,34.29384618895143
"徐州市-鼓楼－金马路,华美四巷-恒嘉郡望花园(北区)",117.17546652999455,34.301325526403005
徐州市-泉山－海棠路-御景湾紫海棠街区,117.2628970501661,34.144485047518046
徐州市-泉山－三环南路6-1号-新华阳光花园,117.21310669673237,34.21987197660238
"徐州市-泉山－欣欣路,近长安路-恒大滨河左岸",117.21314588856923,34.20244373409635
徐州市-睢宁－人民西路258号-银河星城星天地,117.93239398550801,33.906931689340375
徐州市-邳州－天山南路-佳地雅居,117.93891619077596,34.32385497945045
徐州市-新沂－南京路-世纪豪园,118.34456836571033,34.379320116207886
徐州市-鼓楼－汉城东路-汉城小区,117.12811093602144,34.29308560839033
徐州市-泉山－时代大道1号-鱼先生的社区,117.09699328459033,34.321762585427706
徐州市-铜山－北京路109号-阳光豪庭,118.3241135362159,34.351822292354235
徐州市-泉山－湖北路84号-刘场小区,117.14823330783422,34.25227287856528
徐州市-鼓楼－金桥路10号-碧螺山庄(二区),117.23929479507842,34.29583871228826
徐州市-泉山－新淮海西路-幸福家园(西区),117.1347080383478,34.2602142392719
徐州市-金山桥开发区－高新路-美的时代城(一期),117.33489028126564,34.24292315151899
"徐州市-新城－宋锦路,近丽水路-雍景新城(二期)",117.2808423242017,34.18945879816428
徐州市-泉山－凤鸣路-凤凰山康居家园,117.18061148626936,34.232072595162734
徐州市-云龙－宣武路8号-宣武路8号公寓,117.19351981967105,34.262885861662085
徐州市-云龙－民主南路-丰储小区,117.18986320637175,34.25478091212813
"徐州市-铜山－闽江路,近凤湖路-颐居隐山观湖",117.13911660640181,34.16123416458521
徐州市-泉山－建国西路-苏堤南村,117.16488260219775,34.25913380697165
徐州市-鼓楼－清水路-泽惠家园,117.20034383320893,34.30050717551045
徐州市-新城－昆仑大道2号-绿地商务城国际花都(别墅),117.28325105633951,34.21122965161483
徐州市-泉山－御景路-御景湾紫罗兰街区,117.22166178162445,34.20981641552495
徐州市-云龙－郭庄路-林安智慧产业小镇,117.26135494265542,34.24130212284755
徐州市-鼓楼－天齐南路-万科城A4区,117.15145373258075,34.30535417029881
"徐州市-新沂－马陵山路,近上海路-四季花城",118.31992144836089,34.34057198573711
徐州市-泉山－工农北路1号-小康人家,117.14383829104096,34.26283646653892
徐州市-云龙－津浦东路-津东雅苑,117.20612542802657,34.26064565422111
徐州市-云龙－兴隆街-建国小区,117.18881140527246,34.257427691952884
徐州市-鼓楼－祥和东街3号-祥和小区,117.19484254201602,34.29506933741234
徐州市-泉山－310国道-雨润新城玉兰苑,117.19317467518498,34.21464359262946
徐州市-铜山－长安路-托龙山安置居住A区,117.21575546068597,34.192592225485576
"徐州市-泉山－翟南路,近上海路-南山庭院",117.18410904307291,34.20796266717428
徐州市-鼓楼－西苑中路-民馨园(西区),117.13758310501008,34.27951243293429
徐州市-新沂－公园路-供销小区(新沂市),118.33805235451062,34.37821684896995
徐州市-云龙－青年路269号-艺波小区,117.18061633142749,34.261274747715696
徐州市-泉山－风华南路6号-山水华美,117.18037347544657,34.21251707227126
徐州市-泉山－金阳路-中北小区,117.13732941517581,34.259047303340935
徐州市-泉山－苏堤北路-合群新村,117.15810178303764,34.274074509710395
"徐州市-金山桥开发区－振兴大道,近徐海路-金色年华",117.28483758957114,34.27520177552624
徐州市-邳州－瑞兴南路-汇川大象城(别墅),117.97605012666259,34.31215179226209
徐州市-睢宁－文学南路2号-水岸馨都,117.94833373675291,33.891808532778036
徐州市-邳州－福州路-三星花苑,117.9672093488274,34.3255840243343
徐州市-邳州－青年东路85号-宏华小区,117.96927966581609,34.30406131945921
徐州市-鼓楼－祥和东街1号-万隆公寓,117.19457679633578,34.29285862761771
"徐州市-贾汪－凤鸣路,近泓福路-弘阳凤鸣府",117.4995838463893,34.4438165479345
徐州市-睢宁－东升路28号-上海花苑,117.97741663026376,33.90105552947262
徐州市-鼓楼－祥和路-和风雅致小区,117.18672592577765,34.294441962669374
徐州市-沛县－东风西路-香江花城,116.90639052313885,34.7381002223235
徐州市-云龙－黄山路1号-黄山垅小区,117.22829704541535,34.25927580389169
徐州市-泉山－吴庄路-外余窑,117.16797556565464,34.252786985121176
徐州市-泉山－西三环路-板材小区,117.2185317152716,34.273319665742854
"徐州市-云龙－黄山路,近民祥园路-馨园小区",117.23971826448651,34.25695784196758
"徐州市-云龙－经一路,近纬一路-金洋紫金东郡(北区)",117.24946170479419,34.25214492996458
"徐州市-鼓楼－沈孟路,近徐运新河西路-宜居嘉园",117.19076904090001,34.30583373758514
徐州市-泉山－金山东路15号-泰山汇景花园,117.1821864627241,34.222713818702296
徐州市-鼓楼－平山北路-徐矿城紫薇园,117.1403637455703,34.321818468764384
"徐州市-新城－唐盛路,峨嵋路-绿地商务城中央公园(二期)",117.27834039129641,34.21677943676743
徐州市-云龙－和平路-和平上东翰园,117.33426527953979,34.265023292860896
徐州市-鼓楼－白云路-徐州人家白云南区,117.20859724589684,34.27720934736904
徐州市-邳州－南京路-鑫惠花园(南区),118.00213700571287,34.338042296637965
徐州市-贾汪－利大路-恒大潘安湖生态小镇(别墅),117.31871479633148,34.372669579424645
徐州市-泉山－矿山路-灯泡厂宿舍,117.14205503317545,34.26547068166404
"徐州市-铜山－珠江路,近经纬路-金水湾",117.20103842212721,34.168564829605145
徐州市-贾汪－宏安路-绿地翡翠蓝湾,117.46087245202905,34.443100140004
"徐州市-金山桥开发区－玉湖路,近鲲鹏路-绿地之窗国际花都(一期)",117.29498026276275,34.26374420735956
徐州市-鼓楼－机场路110号-御林华府,117.21927034600766,34.23450131233302
"徐州市-云龙－经一路,近纬一路-云龙华府(北区)",117.24625736479044,34.24938516750075
徐州市-鼓楼－天齐南路5号-紫云府,117.15534872133045,34.306857430040715
"徐州市-铜山－闽江路,近银山路-千禧城",117.18244992456893,34.194205099052574
徐州市-泉山－淮海西路334号-段庄新村,117.14644042343281,34.26123346121239
徐州市-云龙－庆丰路-绿地世纪城(商住楼),117.24125001615718,34.24242523812664
徐州市-泉山－二轻路-金阳家园,117.13966545246453,34.260063410340244
徐州市-邳州－锦江西路-名城国际花园,117.95019400507864,34.33030351729277
"徐州市-铜山－创业四路,近长安路-珍宝岛熙悦府",117.20503943112439,34.16757974021368
徐州市-鼓楼－三环东路-中昂朗琴,117.22533480199048,34.28299427297775
徐州市-泉山－建国西路-金域华庭,117.16480627945295,34.258097565474294
徐州市-鼓楼－金苑路1号-金苑小区(南院),117.23978279133699,34.28844266513102
徐州市-贾汪－转型大道-康馨园(南区),117.45310628696619,34.42725191367362
徐州市-铜山－南京路西街近同昌西路-文华美景,117.17371844960445,34.192982934099085
徐州市-新沂－黄沭路-水岸豪庭,118.36928986299368,34.36063598739968
徐州市-邳州－三汊河路-阳光花园,117.96199017239702,34.30299194823912
徐州市-睢宁－东升街-金顶世贸城玫瑰园,117.94730395602231,33.904141354390774
"徐州市-金山桥开发区－长安大道,近徐海路-月星公馆",117.26875299624427,34.27135592069044
徐州市-沛县－新沛路24号-九州逸景,116.94336389521911,34.71979417393281
徐州市-贾汪－贾汪大道-中昂博观,117.45707301773568,34.43649441951453
徐州市-铜山－圭山路7号-嘉慧园,117.16844522643383,34.187824959008765
徐州市-新城－民生路-国信上城叠院,117.27152612381514,34.18365411563689
徐州市-沛县－樊哙路-德信九龙城紫郡,116.93327697069098,34.74815762047182
徐州市-泉山－湖北路-东刘场小区,117.14823330783422,34.25227287856528
徐州市-新沂－建邺路-圣丰小区,118.34493791238583,34.366674707625975
徐州市-泉山－苏堤北路60号-新事业小区南院,117.16407407079863,34.26965990914594
徐州市-睢宁－东升街8号-帝壹城,117.96553585559937,33.90068785631725
徐州市-贾汪－彭祖大道-绿地高铁东城(一期),117.33374746722441,34.24876085856308
徐州市-贾汪－徐轮路-华地紫御府,117.4536656167768,34.4134557285007
徐州市-金山桥开发区－兴镇北路-东城茗门,117.35383987953684,34.29315231722688
"徐州市-新城－汉风路,近丽水路-雍景新城一期(东区)",117.27334987320722,34.18940421435481
徐州市-泉山－黄河南路-宏宇新岸线,117.14771236196334,34.27687079249535
"徐州市-泉山－泉新路,翟北路-碧水湾(北区)",117.16733308293934,34.21428067200568
徐州市-泉山－开元路-开元云龙谷,117.10832710205554,34.24114616812748
徐州市-铜山－华山北路-美达檀香山,117.14530000885591,34.19175856291561
徐州市-睢宁－东升街-金顶世贸城海棠园,117.96519838742566,33.90277895849064
徐州市-云龙－东三环-同发家和园,117.22069542205541,34.25976315137548
徐州市-邳州－长江路-宏基阳光尚城小区,117.97795143101065,34.338197193575034
徐州市-泉山－明理街1号-倒马井,117.17177909958883,34.26915684522126
徐州市-鼓楼－二环北路-九里峰景(B区),117.15721940139377,34.28372717489809
徐州市-泉山－煤建西路15号-煤建西村,117.15983645026179,34.260946969829824
徐州市-泉山－淮海西路-中凯城市之光,117.14987615921098,34.262601941312084
徐州市-鼓楼－东三环-孟家沟人和花园,117.23184990435338,34.314264362369784
徐州市-铜山－大学路-大丰壹方城,117.13567460433137,34.20548267479571
徐州市-鼓楼－金桥路10号-碧螺山庄(三区),117.24292364308963,34.29715818748871
徐州市-新沂－马陵山路-科倍尚城,118.3357069374951,34.33927888826426
徐州市-贾汪－新夏路-康华心海湾,117.45271304884571,34.42102967315608
徐州市-新沂－新华路22号-阳光凯旋城,118.51844074052681,34.317803292819356
"徐州市-泉山－欣欣路,近北京路-澳东印象城",117.19207789698376,34.20234729322637
徐州市-云龙－三环东路-山居花园,117.216192661151,34.26980452878476
徐州市-泉山－大彭路-华美风景园(北区),117.11666934369191,34.2695955964766
徐州市-鼓楼－中山北路-华润绿地凯旋门,117.1782182646453,34.27628811311511
徐州市-云龙－复兴南路334号-复兴家园,117.1989117940177,34.25643477838276
徐州市-泉山－卧牛山路-华美风景园(二期),117.11472979510339,34.26268478654583
徐州市-泉山－三环南路35号-中能科技园,117.16998600165412,34.2142309719828
徐州市-新沂－马陵山路-金色家园,118.3232151139863,34.34318241062373
徐州市-泉山－黄河南路119号-民健园,117.14147461372731,34.27634522033603
徐州市-鼓楼－大坝头-大坝头小区,117.19349388636569,34.26970351970261
徐州市-鼓楼－黄河东路-地藏里小区,117.19261204598398,34.27080012845605
"徐州市-泉山－湖北路,近煤建路-新吴庄西区",117.16229764038984,34.25165185570706
徐州市-鼓楼－闸口东街-铁路23宿舍,117.19209901519532,34.27931692563599
徐州市-新沂－北京路85号-市府花苑,118.33641946305231,34.35262734643212
徐州市-新城－昆仑大道-中铁人才家园,117.28910799890947,34.21101526296746
徐州市-鼓楼－海鸥路-刘湾小区(南区),117.23228478634753,34.322804652919615
徐州市-鼓楼－二环北路-惠工石油宿舍,117.18849155673377,34.283500990213675
徐州市-新沂－323省道-静园居,118.4312629035507,34.35019514367681
徐州市-新沂－新东路-群冠铭苑,118.36077634095416,34.37920389714553
徐州市-云龙－和平大道-绿苑花园,117.23457902332682,34.254098942025145
徐州市-邳州－恒山北路-富贵第一城,117.96342013048088,34.364489189180986
徐州市-邳州－天山北路-华鑫公寓,117.94036276195455,34.33522981785199
"徐州市-铜山－华山路,近珠江西路-凤凰花园",117.14093428827479,34.17402282247825
"徐州市-铜山－大学路,近玫瑰路-枫林天下(二期)",117.12875374764091,34.18806348617745
徐州市-鼓楼－复兴北路27号-和信广场,117.19701805918028,34.2696228964945
徐州市-丰县－中阳大道-高盛国际花园城,116.62444252971227,34.69605251781767
徐州市-金山桥开发区－高新路-美的时代城(三期),117.33489028126564,34.24292315151899
徐州市-睢宁－中山北路-丽晶国际(A区),117.94454160951307,33.919533906319344
徐州市-睢宁－八一路-西盛园,117.90914305891435,33.896296951980084
徐州市-新城－太行路-绿地商务城梵顿公馆,117.27313041243174,34.218352257626734
徐州市-鼓楼－风尚路-惠工小区,117.18599932428496,34.28361813638563
徐州市-新沂－新安路-阳光帝景城(北区),118.33456125705533,34.37433424186102
徐州市-邳州－福州路-雍福上城,117.97481511927656,34.341620139936275
徐州市-新沂－马陵山路-金色名园,118.32575059507671,34.34001728095803
徐州市-铜山－310国道-保利万科时代之光,117.24036205012519,34.335518567795575
徐州市-云龙－郭庄路-骆驼山康馨园(A区),117.23033747257459,34.24178400891308
徐州市-鼓楼－少华街10号-福水小区,117.17538976474623,34.268263670365556
徐州市-鼓楼－复兴北路-香榭丽花园,117.19515496850372,34.26898052810286
徐州市-沛县－嘉苑路-新城嘉苑A区,116.91790523983649,34.76952375522777
徐州市-新沂－黄沭路3号-达信国际,118.36774268422589,34.3755898160059
徐州市-邳州－珠江东路-金御祥苑(东区),117.96916212777789,34.32359701034539
徐州市-邳州－拢海大道-源宏公馆,118.01549503067993,34.34192408398336
徐州市-铜山－彭祖路-久隆紫园,117.14675972191097,34.18476972150419
徐州市-新沂－北京路-金唐新城,118.34256027353344,34.295635427444104
徐州市-泉山－大学城西路-大学城,116.57533719459784,34.701426960501955
徐州市-泉山－新光路-锦绣嘉园,117.17184118469127,34.259680394665864
徐州市-鼓楼－少华街-少华小区,117.17594094584977,34.26600089929409
徐州市-泉山－湖北路-翠湖御景南区,117.15763078350365,34.251785658474866
徐州市-泉山－奎南路7号-师大奎园校舍,117.1851024309571,34.24944360000498
徐州市-泉山－三环西路-杏山花园,117.11744843107411,34.23959264016824
徐州市-邳州－华山路-金安怡丽家园,117.94561727601098,34.32277955189262
徐州市-泉山－湖北路-银湖小区,117.17079666425857,34.25133216837548
徐州市-邳州－恒山路-明珠御景花园,117.9493196501237,34.335629351291765
徐州市-泉山－奎淮路-奎园新居(北区),117.20087118216658,34.2370661446369
徐州市-邳州－瑞兴路-清华楼,117.97046321106444,34.30232730822314
徐州市-铜山－珠江西路-中骏汇景城,117.15112650574787,34.17949133784833
徐州市-贾汪－高新路191号-华润置地公元九里,117.33696295555858,34.22112397632436
徐州市-泉山－矿山路22号-华辰丽景,117.15088677271798,34.26752830963707
徐州市-云龙－东丰路-民安小区,117.23490011964236,34.258303686295974
徐州市-云龙－庆丰路73号-云龙华府(商住楼),117.24625736479044,34.24938516750075
徐州市-邳州－青年东路9号-供销小区,117.95434426650755,34.31022529335423
"徐州市-新城－昆仑大道,近明正路-美的翰城",117.29357250175387,34.211321529034905
徐州市-邳州－恒山路-世纪花园,117.94980274541517,34.33789824407128
徐州市-泉山－煤建路-煤建南村,117.16248655274384,34.25714858220611
徐州市-金山桥开发区－彭祖大道-绿地高铁东城(二期),117.3346839524586,34.2498930547388
徐州市-泉山－310国道-雨润新城紫薇园(别墅),117.19317467518498,34.21464359262946
徐州市-贾汪－转型大道-大泉幸福家园,117.4625162223767,34.430992215323705
徐州市-泉山－苏堤路84号-工程小区,117.16136418425657,34.26122249946498
徐州市-铜山－同昌西路158号-纪委小区,117.1725181259158,34.191662509257576
徐州市-邳州－长江路-东方名郡(南区),118.01168218336669,34.33467546714377
徐州市-鼓楼－金桥路10号-碧螺山庄(一区),117.23985990969831,34.29361375689913
徐州市-泉山－淮海西路6号-万科翡翠天地,117.1460988512349,34.262732255681165
徐州市-贾汪－206国道-东山怡园,117.38753700521478,34.347010074452875
徐州市-睢宁－澳门路1号-溪悦茗城,117.93553548145263,33.914128517445704
徐州市-新城－汉源大道-惠民花园小区,117.2637220571438,34.17546319714917
徐州市-鼓楼－奔腾大道-华厦水云间(二期),117.1936085447583,34.29828668796243
徐州市-鼓楼－煤港路6414号-永嘉花园,117.187545580783,34.281531347851114
徐州市-泉山－湖北路-望湖大厦,117.16389186080742,34.25080516890002
徐州市-睢宁－人民西路-状元府,117.92552556603043,33.90843300365666
"徐州市-铜山－北京路,近万达路-小城故事",117.16457521838704,34.140866668612766
徐州市-鼓楼－中山北路-春华园,117.18743379834997,34.289451508312446
徐州市-丰县－河滨路136号-在水一方(南区),116.6098573891682,34.68597983059026
徐州市-睢宁－文学南路-小福州花园三期,117.94957907813317,33.89649772351231
徐州市-鼓楼－下淀路-大鹏花园小区,117.23029804702507,34.29114333864977
徐州市-云龙－青年路-宣武小区,117.19426481787383,34.26332292039553
徐州市-金山桥开发区－长安大道-星光名庭,117.26681973152205,34.28823578014974
"徐州市-铜山－华山路,近黄河西路-泰康红郡",117.14688357680909,34.18981864105627
徐州市-云龙－民主南路-开明社区,117.1912470281569,34.258302888630894
徐州市-云龙－民主南路-养育小区,117.19257623314773,34.2580115394337
徐州市-金山桥开发区－高新路-绿地高铁东城(四期),117.33356819161703,34.24610379921547
徐州市-丰县－西城路29号-凤凰嗉B区,116.57712595080137,34.6973299891769
徐州市-邳州－长江西路-中浙国贸花园(南区),117.96230004998512,34.33790222433916
徐州市-丰县－解放东路-东方春城,116.62455743185298,34.702597340027545
"徐州市-金山桥开发区－长安大道,近广德路-蟠桃花园佟村社区",117.27220254599685,34.284796301450285
徐州市-鼓楼－黄河北路-客运宿舍(东区),117.17075057744837,34.27484182439835
徐州市-鼓楼－煤港路-富贵园小区,117.19545429839167,34.28731865973682
徐州市-云龙－响山南路-铁刹小区,117.2109514122884,34.266057252987785
"徐州市-贾汪－大泉路,近世纪东路-传世经典(二期)",117.45515896784573,34.43423218405413
徐州市-鼓楼－煤港路-朱庄小区(南区),117.19468940727968,34.29076429260148
徐州市-邳州－南京路-馨宁雅居,118.00392504549282,34.32165433277789
徐州市-邳州－长江路-东方名郡(北区),118.01168218336669,34.33467546714377
徐州市-睢宁－城河北街11号-天元小区,117.94712345589637,33.90319099738999
徐州市-鼓楼－天齐南路-万科城A2区,117.15145373258075,34.30535417029881
"徐州市-泉山－西苑中路,近民安路-民和园(北区)",117.13753268993617,34.27276284381982
"徐州市-泉山－二环西路,近淮海西路-段南新村(二环西路)",117.16643328468297,34.2647888762326
徐州市-邳州－长江西路-中浙国贸花园(北区),117.96154229069711,34.32464464752322
徐州市-鼓楼－奔腾大道-锦绣山水(南区),117.18100341416582,34.29955721690457
徐州市-泉山－姚庄路-滨湖御景湾,117.22166178162445,34.20981641552495
徐州市-泉山－梨园路18号-新泉佳苑,117.20831569047918,34.22274887978179
徐州市-新沂－黄沐路-康城雅居,118.37033051249867,34.376339498072205
徐州市-鼓楼－奔腾大道-煌庭棕榈湾,117.1992870127642,34.29825114193706
"徐州市-金山桥开发区－明湖路,近振兴大道-美的工润明湖",117.28675921024902,34.25979052419566
"徐州市-贾汪－山水大道,近水渠路-碧桂园凤凰台",117.48319319581678,34.434329667709385
"徐州市-睢宁－元府中路,近天虹大道-睢宁装饰城",117.95493147765247,33.89985681745696
"徐州市-贾汪－206国道,近303县道-海峡湖尚城",117.38753700521478,34.347010074452875
徐州市-泉山－奎山路-橙黄时代山水丽庭,117.1920302180928,34.24315060814341
徐州市-云龙－解放路-苏园里,117.18672994644491,34.25783150307438
徐州市-睢宁－睢河路-银河星城金星苑,117.92949718287697,33.90660706902884
徐州市-鼓楼－海鸥路-刘湾小区(北区),117.23228478634753,34.322804652919615
徐州市-睢宁－东升街-金顶世贸城丁香园,117.96992225729771,33.90356122705508
徐州市-鼓楼－黄河北路166号-千禧龙小区,117.17184022783353,34.27515198038153
徐州市-泉山－苏堤北路60号-黄河丽景花园,117.16409722332835,34.27291992181498
"徐州市-新城－迎宾大道,近天目路-维维龙湖湾(别墅)",117.25765513328652,34.18937239651183
徐州市-云龙－东丰路-东华园小区,117.23711861112909,34.25723163686208
徐州市-泉山－二环西路-物园小区,117.15062314863047,34.26905517255966
徐州市-鼓楼－祥和路-祥和拆迁楼,117.19088071080674,34.29372070276577
徐州市-云龙－津浦东路-东都华府,117.20557673161598,34.248950413405495
徐州市-铜山－大学路88号-国基逸境,117.13217239262787,34.19543207253998
徐州市-新沂－花厅路-华泰豪庭,118.3488357206928,34.36310650653228
徐州市-鼓楼－汉城路-玉潭佳苑,117.1271806945866,34.29521400122907
"徐州市-贾汪－泉城路,近煤源路-吾悦华府",117.44306634035665,34.419241702838356
"徐州市-铜山－华山路,近凤湖路-娇山府",117.13807584026293,34.16580317962346
徐州市-新沂－城关里-新苑小区,118.3516850274568,34.362358978083776
徐州市-泉山－建国西路220号-纺织花园,117.15309072557862,34.26109277971433
徐州市-丰县－东城路-欢乐城,116.6175017483306,34.69662201707787
徐州市-泉山－三环南路29号-永嘉太阳城,117.17384386141002,34.211423672123104
徐州市-铜山－黄河东路-恒茂福泽园,117.18650031513671,34.194366124085136
徐州市-邳州－民主路-凯旋花园,117.97054726987626,34.30827630571138
"徐州市-金山桥开发区－站南路,近鸿运路-绿地之窗国际花都(三期)",117.29449005659134,34.2654000027717
徐州市-泉山－黄河南路99号-民健东园,117.14588552174459,34.276365062618325
徐州市-睢宁－文学北路83号-怡和公寓(睢宁),117.9483249233662,33.90885836996756
徐州市-丰县－河滨路-左岸人家,116.60894619760064,34.682202098817626
徐州市-云龙－民富路-润金御园,117.25047900942828,34.24686357697504
徐州市-泉山－夹河街-夹河街小区,117.17624085131708,34.26972269490824
徐州市-鼓楼－煤港路-煤港小区,117.19546104579152,34.28330342032379
徐州市-泉山－大彭路-都会星宸,117.11496426447944,34.26815662709601
徐州市-新沂－大桥路-福成花园,118.35046109297362,34.35642298934613
徐州市-睢宁－中央大街-星科印象,117.92347029506664,33.91307606649392
徐州市-铜山－彭祖路-久隆凤凰城(别墅),117.14762583456276,34.18131877121219
徐州市-沛县－滨河路-汇景国际,116.9440846430904,34.740240176282484
徐州市-鼓楼－铜沛路186号-永业世纪花园,117.16841935869698,34.27773472923118
徐州市-铜山－北京路18号-盛世年华,116.90147299574697,34.81876560817092
"徐州市-泉山－金山东路,近学城路-泰山嘉园",117.18484768780041,34.22156769324176
徐州市-贾汪－山水大道-绿地雨山前,117.4641636011302,34.435223926015304
徐州市-丰县－经一路-新城花园,116.63322615387325,34.69312211055607
徐州市-泉山－姚庄路-国泰菁华逸景,117.21599826103942,34.20921390405134
徐州市-鼓楼－广山路3号-盈佳香荷湾,117.2192470137708,34.26813844671145
徐州市-泉山－矿山路38号-矿山路38号院,117.13810719589077,34.26652809477783
徐州市-新城－元和路-绿地商务城海顿公馆,117.2812025696319,34.21247658905877
徐州市-鼓楼－煤港路-王场新村,117.19864645663642,34.29159368245755
徐州市-鼓楼－二环北路-九里峰景(A区),117.15635128972916,34.28540930545221
徐州市-泉山－段南路-段南新村(纺西社区),117.14815442438012,34.258841097437134
徐州市-鼓楼－坝子街-东华小区,117.19257086140735,34.277118083253946
徐州市-鼓楼－洪学巷-永康小区,117.18380988823648,34.27001888043307
徐州市-鼓楼－复兴北路-建北小区,117.20046090644182,34.286099539674694
徐州市-贾汪－滨河路-豪泽紫熙台,117.45669892142371,34.452555677754056
"徐州市-睢宁－永安路,近文学北路-金泰名城",117.94917324444377,33.91877093955791
徐州市-云龙－响山路-子房美景花园,117.20591650612039,34.27286401090711
徐州市-云龙－复兴南路134号-三达小区,117.1988370487541,34.259327161346114
徐州市-云龙－郭庄路-阳光花园,117.23029155163316,34.24373470473925
徐州市-铜山－长江西路16号-竹园小区,117.17665457204271,34.18311607277504
徐州市-泉山－金山东路-金泰馨雅园,117.16164685070443,34.225165737410514
徐州市-云龙－三环西路-春雨花园,117.13391305148443,34.27043110527303
"徐州市-泉山－欣欣路,近北京路-欣欣家园",117.19305079413802,34.20063676656463
"徐州市-泉山－明珠路,近吴庄路-吴庄花园",117.16416848312613,34.2546755435838
徐州市-新沂－黄沭路-合和百富城,118.36633719066833,34.34992858004461
徐州市-鼓楼－前进路112号-老营盘小区,117.19335865042325,34.26976713534923
徐州市-泉山－西安北路-金庭嘉园,117.16927120743105,34.26714712064783
徐州市-鼓楼－天齐路6号-万科城A1区,117.15075562184526,34.307495663506174
徐州市-睢宁－元府西路188号-彩虹公寓,117.93712778721482,33.90099523124291
徐州市-邳州－珠江东路-金御祥苑(西区),117.96680611775793,34.32402961516123
徐州市-邳州－华山路-金域华府,117.95192971865505,34.33616715691858
"徐州市-邳州－南京路,近长江路-凤凰墅",118.00451517580431,34.3314272235179
徐州市-泉山－杏马路-湖西雅苑B区,117.11603151846231,34.24831757919133
徐州市-鼓楼－下淀路149号-煤机东村小区,117.23183501603582,34.29234800388059
徐州市-鼓楼－北三环快速路-港利上城国际,117.18022602506362,34.28931244091725
徐州市-新沂－市府路89号-新港小区,118.32823291812277,34.36977906076059
徐州市-睢宁－天虹大道-欧洲城(西区),117.95885529467995,33.918169710793066
